asset_id,category,module_type,asset_role,size_token,height_cm,width_cm,depth_cm,thickness_cm,grid_unit_cm,grid_width,grid_depth,grid_height,pivot_type,placement_origin,allowed_floor,allowed_facade,placement_zone,can_mirror,can_rotate,can_scale,random_group,pattern_rule,unreal_asset_path,notes,rotation_offset_y,offset_x,offset_y,offset_z,compensation_note
SM_Building_01_Wall_CRN_400x100_01,Wall,corner_wall_ground,一楼转角墙,400x100,400.,100.,100.,25.,100.,1.,1.,1.,bottom_corner,底部左下转角点,ground_only,corner,building_corner_only,yes,90_degree_steps,no,corner_wall_400x100,corner_only_ground,/Game/CityStreetStylizedPack/Environment/Architecture/Building_01/SM_Building_01_Wall_CRN_400x100_01.SM_Building_01_Wall_CRN_400x100_01,一楼转角墙；100cm 为转角两侧单边长度，厚度 25cm。Pivot 在底部左下转角点。可 90° 旋转，可镜像。Unreal Object Path 已核对。,180.,0.,0.,0.,当前补偿层：基础旋转 +90，转角额外 +90，总计 +180；转角位置不使用静态 offset。
SM_Building_01_Wall_CRN_300x100_03,Wall,corner_wall_upper,基础高层转角墙,300x100,300.,100.,100.,25.,100.,1.,1.,1.,bottom_corner,底部转角点,upper_only,corner,building_corner_only,yes,90_degree_steps,no,corner_wall_300x100,corner_only,/Game/CityStreetStylizedPack/Environment/Architecture/Building_01/SM_Building_01_Wall_CRN_300x100_03.SM_Building_01_Wall_CRN_300x100_03,二楼及以上转角墙；100cm 为转角两侧单边长度，厚度 25cm。一楼已补充 400x100 转角墙。,180.,0.,0.,0.,当前补偿层：基础旋转 +90，转角额外 +90，总计 +180；转角位置不使用静态 offset。
SM_Building_01_WallDoor_400x200_01,Wall,door_wall_ground,一楼门墙,400x200,400.,200.,25.,25.,100.,2.,,1.,left_bottom_outer_corner,墙体左下外角点,ground_only,front,facade_body_between_windows,yes,no,no,ground_door_400x200,after_every_2_ground_windows,/Game/CityStreetStylizedPack/Environment/Architecture/Building_01/SM_Building_01_WallDoor_400x200_01.SM_Building_01_WallDoor_400x200_01,一楼使用；原规则为每生成两个窗墙后接一个门墙；V0 可固定为一个入口门。,90.,0.,0.,0.,当前补偿层基础旋转 +90；前立面位置补偿 @P.x += grid_width * unit 仍由 facade/grid_width 动态计算。
SM_Building_01_WallWindow_400x200_01,Wall,window_wall_ground,一楼窗墙,400x200,400.,200.,25.,25.,100.,2.,,1.,left_bottom_outer_corner,墙体左下外角点,ground_only,front,facade_body,yes,no,no,ground_window_400x200,ground_window,/Game/CityStreetStylizedPack/Environment/Architecture/Building_01/SM_Building_01_WallWindow_400x200_01.SM_Building_01_WallWindow_400x200_01,仅一楼使用；对应一楼层高 400cm。,90.,0.,0.,0.,当前补偿层基础旋转 +90；前立面位置补偿 @P.x += grid_width * unit 仍由 facade/grid_width 动态计算。
SM_Building_01_Wall_300x100_01,Wall,plain_wall,基础墙01,300x100,300.,100.,25.,25.,100.,1.,,1.,left_bottom_outer_corner,墙体左下外角点,upper_only_or_300cm_floor,side_back,side_back_fill,yes,90_degree_steps,no,plain_wall_300,fill_side_back,/Game/CityStreetStylizedPack/Environment/Architecture/Building_01/SM_Building_01_Wall_300x100_01.SM_Building_01_Wall_300x100_01,仅楼体侧面与背面使用；如一楼高度 400cm，需补 400 高普通墙或单独处理。,90.,0.,0.,0.,当前补偿层基础旋转 +90；侧/背面位置补偿仍由 facade/grid_width 动态计算。
SM_Building_01_Wall_300x200_01,Wall,plain_wall,基础墙03,300x200,300.,200.,25.,25.,100.,2.,,1.,left_bottom_outer_corner,墙体左下外角点,upper_only_or_300cm_floor,side_back,side_back_fill,yes,90_degree_steps,no,plain_wall_300,fill_side_back,/Game/CityStreetStylizedPack/Environment/Architecture/Building_01/SM_Building_01_Wall_300x200_01.SM_Building_01_Wall_300x200_01,仅楼体侧面与背面使用；2 格普通墙。,90.,0.,0.,0.,当前补偿层基础旋转 +90；侧/背面位置补偿仍由 facade/grid_width 动态计算。
SM_Building_01_Wall_300x400_01,Wall,plain_wall,基础墙02,300x400,300.,400.,25.,25.,100.,4.,,1.,left_bottom_outer_corner,墙体左下外角点,upper_only_or_300cm_floor,side_back,side_back_fill,yes,90_degree_steps,no,plain_wall_300,fill_side_back,/Game/CityStreetStylizedPack/Environment/Architecture/Building_01/SM_Building_01_Wall_300x400_01.SM_Building_01_Wall_300x400_01,仅楼体侧面与背面使用；优先用于 4 格连续填充。,90.,0.,0.,0.,当前补偿层基础旋转 +90；侧/背面位置补偿仍由 facade/grid_width 动态计算。
SM_Building_01_Wall_400x100_01,Wall,plain_wall,一楼普通墙400x100,400x100,400.,100.,25.,25.,100.,1.,,1.,left_bottom_outer_corner,墙体左下外角点,ground_only_or_400cm_floor,"front, side_back",ground_and_side_fill,yes,90_degree_steps,no,plain_wall_400,fill_ground_odd_and_side_back,/Game/CityStreetStylizedPack/Environment/Architecture/Building_01/SM_Building_01_Wall_400x100_01.SM_Building_01_Wall_400x100_01,V0 后期已接入；一楼正面奇数宽度补齐，以及一楼侧面 / 背面 1 格补齐。,90.,0.,0.,0.,当前补偿层基础旋转 +90；正面补偿与侧/背面补偿分别由 facade/grid_width 动态计算。
SM_Building_01_Wall_400x200_01,Wall,plain_wall,一楼普通墙400x200,400x200,400.,200.,25.,25.,100.,2.,,1.,left_bottom_outer_corner,墙体左下外角点,ground_only_or_400cm_floor,side_back,side_back_fill,yes,90_degree_steps,no,plain_wall_400,fill_side_back_ground,/Game/CityStreetStylizedPack/Environment/Architecture/Building_01/SM_Building_01_Wall_400x200_01.SM_Building_01_Wall_400x200_01,V0 后期已接入；一楼侧面 / 背面 2 格补齐。,90.,0.,0.,0.,当前补偿层基础旋转 +90；侧/背面位置补偿仍由 facade/grid_width 动态计算。
SM_Building_01_Wall_400x400_01,Wall,plain_wall,一楼普通墙400x400,400x400,400.,400.,25.,25.,100.,4.,,1.,left_bottom_outer_corner,墙体左下外角点,ground_only_or_400cm_floor,side_back,side_back_fill,yes,90_degree_steps,no,plain_wall_400,fill_side_back_ground,/Game/CityStreetStylizedPack/Environment/Architecture/Building_01/SM_Building_01_Wall_400x400_01.SM_Building_01_Wall_400x400_01,V0 后期已接入；一楼侧面 / 背面优先使用的 4 格普通墙。,90.,0.,0.,0.,当前补偿层基础旋转 +90；侧/背面位置补偿仍由 facade/grid_width 动态计算。
SM_Building_01_WallWindow_300x200_01,Wall,window_wall_upper,基础高层窗墙01,300x200,300.,200.,25.,25.,100.,2.,,1.,left_bottom_outer_corner,墙体左下外角点,upper_only,front,facade_body,yes,no,no,upper_window_300x200,upper_window_variant,/Game/CityStreetStylizedPack/Environment/Architecture/Building_01/SM_Building_01_WallWindow_300x200_01.SM_Building_01_WallWindow_300x200_01,二楼及以上使用；后续可与同尺寸高层窗墙随机替换；V0 可先固定使用这一种。,90.,0.,0.,0.,当前补偿层基础旋转 +90；前立面位置补偿 @P.x += grid_width * unit 仍由 facade/grid_width 动态计算。
SM_Building_01_WallWindow_300x200_03,Wall,window_wall_upper,基础高层窗墙02,300x200,300.,200.,25.,25.,100.,2.,,1.,left_bottom_outer_corner,墙体左下外角点,upper_only,front,facade_body,yes,no,no,upper_window_300x200,upper_window_variant,/Game/CityStreetStylizedPack/Environment/Architecture/Building_01/SM_Building_01_WallWindow_300x200_03.SM_Building_01_WallWindow_300x200_03,二楼及以上使用；与 300x200_01 同尺寸，可后续作为窗墙变体。,90.,0.,0.,0.,当前补偿层基础旋转 +90；前立面位置补偿 @P.x += grid_width * unit 仍由 facade/grid_width 动态计算。
SM_Building_01_WallDoor_300x200_01,Wall,door_wall_upper,基础高层门墙,300x200,300.,200.,25.,25.,100.,2.,,1.,left_bottom_outer_corner,墙体左下外角点,upper_only,front,facade_body_between_windows,yes,no,no,upper_door_300x200,after_every_2_windows,/Game/CityStreetStylizedPack/Environment/Architecture/Building_01/SM_Building_01_WallDoor_300x200_01.SM_Building_01_WallDoor_300x200_01,二楼及以上使用；原规则为每生成两个窗墙后接一个门墙；V0 可暂不启用复杂规则。,90.,0.,0.,0.,当前补偿层基础旋转 +90；前立面位置补偿 @P.x += grid_width * unit 仍由 facade/grid_width 动态计算。
SM_Building_01_CorniceTop_CRN_100x100_01,Cornice,cornice_corner,基础转角屋檐,100x100,58.,100.,100.,58.,100.,1.,1.,,left_bottom_center,模型左下中间点,roof_only,roof_corner,roof_corner_only,yes,90_degree_steps,no,cornice_corner_100x100,roof_corner_only,/Game/CityStreetStylizedPack/Environment/Architecture/Building_01/SM_Building_01_CorniceTop_CRN_100x100_01.SM_Building_01_CorniceTop_CRN_100x100_01,屋顶四角使用；只放屋顶边缘转角。,180.,0.,0.,0.,当前补偿层：基础旋转 +90，屋檐角额外 +90，总计 +180；位置不使用静态 offset。
SM_Building_01_CorniceTop_100x100_01,Cornice,cornice_edge,屋檐边100,100x100,58.,100.,100.,58.,100.,1.,1.,,left_bottom_center,模型左下中间点,roof_only,roof_edge,roof_edge,yes,90_degree_steps,no,cornice_edge_100x100,roof_edge_fill,/Game/CityStreetStylizedPack/Environment/Architecture/Building_01/SM_Building_01_CorniceTop_100x100_01.SM_Building_01_CorniceTop_100x100_01,V0 后期已接入；屋檐边 1 格补齐，不是屋檐转角件。,90.,0.,0.,0.,当前补偿层基础旋转 +90；屋檐边位置补偿仍由 facade/grid_width 动态计算。
SM_Building_01_CorniceTop_100x200_01,Cornice,cornice_edge,屋檐边200,100x200,58.,200.,100.,58.,100.,2.,1.,,left_bottom_center,模型左下中间点,roof_only,roof_edge,roof_edge,yes,90_degree_steps,no,cornice_edge_100x200,roof_edge_fill,/Game/CityStreetStylizedPack/Environment/Architecture/Building_01/SM_Building_01_CorniceTop_100x200_01.SM_Building_01_CorniceTop_100x200_01,V0 后期已接入；屋檐边 2 格补齐。尺寸按长度 200cm、深度 100cm 记录。,90.,0.,0.,0.,当前补偿层基础旋转 +90；屋檐边位置补偿仍由 facade/grid_width 动态计算。
SM_Building_01_CorniceTop_100x400_01,Cornice,cornice_edge,基础屋檐,100x400,58.,400.,100.,58.,100.,4.,1.,,left_bottom_center,模型左下中间点,roof_only,roof_edge,roof_edge,yes,90_degree_steps,no,cornice_edge_100x400,roof_edge_fill,/Game/CityStreetStylizedPack/Environment/Architecture/Building_01/SM_Building_01_CorniceTop_100x400_01.SM_Building_01_CorniceTop_100x400_01,屋顶边缘使用；尺寸按 100x400 记录为深度 100、长度 400。,90.,0.,0.,0.,当前补偿层基础旋转 +90；屋檐边位置补偿仍由 facade/grid_width 动态计算。
SM_Building_01_Roof_100x100_01,Roof,roof_fill,屋顶平层,100x100,10.,100.,100.,10.,100.,1.,1.,,left_bottom_outer_corner,模型左下外角点,roof_only,roof,roof_fill,yes,90_degree_steps,no,roof_fill,roof_fill_tiling,/Game/CityStreetStylizedPack/Environment/Architecture/Building_01/SM_Building_01_Roof_100x100_01.SM_Building_01_Roof_100x100_01,屋顶内部填充，用于补边。,0.,1.,0.1,1.,当前补偿层固定 @P.x += 1、@P.z += 1、@P.y += height_cm/100，避免屋顶与墙顶重叠；后续可表驱动。
SM_Building_01_Roof_200x200_01,Roof,roof_fill,屋顶平层,200x200,10.,200.,200.,10.,100.,2.,2.,,left_bottom_outer_corner,模型左下外角点,roof_only,roof,roof_fill,yes,90_degree_steps,no,roof_fill,roof_fill_tiling,/Game/CityStreetStylizedPack/Environment/Architecture/Building_01/SM_Building_01_Roof_200x200_01.SM_Building_01_Roof_200x200_01,屋顶内部填充，被屋檐包裹。,0.,1.,0.1,1.,当前补偿层固定 @P.x += 1、@P.z += 1、@P.y += height_cm/100，避免屋顶与墙顶重叠；后续可表驱动。
SM_Building_01_Roof_400x400_01,Roof,roof_fill,屋顶平层,400x400,10.,400.,400.,10.,100.,4.,4.,,left_bottom_outer_corner,模型左下外角点,roof_only,roof,roof_fill,yes,90_degree_steps,no,roof_fill,roof_fill_tiling,/Game/CityStreetStylizedPack/Environment/Architecture/Building_01/SM_Building_01_Roof_400x400_01.SM_Building_01_Roof_400x400_01,屋顶内部填充，中面积优先使用。,0.,1.,0.1,1.,当前补偿层固定 @P.x += 1、@P.z += 1、@P.y += height_cm/100，避免屋顶与墙顶重叠；后续可表驱动。
SM_Building_01_Roof_800x800_01,Roof,roof_fill,屋顶平层,800x800,10.,800.,800.,10.,100.,8.,8.,,left_bottom_outer_corner,模型左下外角点,roof_only,roof,roof_fill,yes,90_degree_steps,no,roof_fill,roof_fill_tiling,/Game/CityStreetStylizedPack/Environment/Architecture/Building_01/SM_Building_01_Roof_800x800_01.SM_Building_01_Roof_800x800_01,屋顶内部填充，大面积优先使用。,0.,1.,0.1,1.,当前补偿层固定 @P.x += 1、@P.z += 1、@P.y += height_cm/100，避免屋顶与墙顶重叠；后续可表驱动。
SM_Building_01_Balcony_01,Balcony,front_balcony,默认阳台,277x120x113,113.,277.,120.,0.,100.,0.,0.,0.,balcony_inner_bottom_center,阳台贴墙内侧长边底部中点,upper_only,front,upper_front_door_balcony,yes,no,no,front_balcony,initial_balcony,/Game/CityStreetStylizedPack/Environment/Architecture/Building_01/SM_Building_01_Balcony_01.SM_Building_01_Balcony_01,正面高层门墙阳台；初始阳台。尺寸按 长度x深度x高度 记录：277x120x113cm。Pivot 位于阳台贴墙内侧长边中点，且在底部。,0.,0.,0.,0.,阳台挂点即资产 Pivot：balcony_inner_bottom_center；当前正面阳台实例点使用 rot_y=90；不使用固定 offset，后续测试可通过 front_balcony_y/z_offset_cm 或表格补偿调整。
SM_Building_01_Balcony_02,Balcony,front_balcony,可替换阳台,311x138x113,113.,311.,138.,0.,100.,0.,0.,0.,balcony_inner_bottom_center,阳台贴墙内侧长边底部中点,upper_only,front,upper_front_door_balcony,yes,no,no,front_balcony,replace_initial_balcony,/Game/CityStreetStylizedPack/Environment/Architecture/Building_01/SM_Building_01_Balcony_02.SM_Building_01_Balcony_02,正面高层门墙阳台；可替换初始阳台。尺寸按 长度x深度x高度 记录：311x138x113cm。Pivot 位于阳台贴墙内侧长边中点，且在底部。,0.,0.,0.,0.,阳台挂点即资产 Pivot：balcony_inner_bottom_center；当前正面阳台实例点使用 rot_y=90；不使用固定 offset，后续测试可通过 front_balcony_y/z_offset_cm 或表格补偿调整。
SM_Building_01_Balcony_03,Balcony,front_balcony,镂空阳台（底部可装梯子）,287x120x96,96.,287.,120.,0.,100.,0.,0.,0.,balcony_inner_bottom_center,阳台贴墙内侧长边底部中点,upper_only,front,upper_front_door_balcony,yes,no,no,front_balcony_stair,vertical_column_stair_balcony_only,/Game/CityStreetStylizedPack/Environment/Architecture/Building_01/SM_Building_01_Balcony_03.SM_Building_01_Balcony_03,正面高层门墙阳台；镂空阳台，底部可装梯子。仅用于门墙生成模式为 Vertical Column 且需要加装楼梯的情况；当该条件启用时，所有正面阳台全部替换为该镂空阳台。尺寸按 长度x深度x高度 记录：287x120x96cm。Pivot 位于阳台贴墙内侧长边中点，且在底部。,0.,0.,0.,0.,阳台挂点即资产 Pivot：balcony_inner_bottom_center；当前正面阳台实例点使用 rot_y=90；不使用固定 offset。该资产用于 vertical column + stair 规则下全局替换。
SM_Building_01_DecorTrim_12x100_01,DecorTrim,floor_band_beam_upper,二层以上横梁100,12x100,12.,100.,4.,4.,100.,1.,1.,,left_bottom_center,模型左下中间点,upper_only,"front, back, left, right",floor_band_between_upper_floors,yes,90_degree_steps,no,floor_band_beam_upper,upper_floor_band_edge_fill,/Game/CityStreetStylizedPack/Environment/Architecture/Building_01/SM_Building_01_DecorTrim_12x100_01.SM_Building_01_DecorTrim_12x100_01,二层以上楼层之间的贴墙横梁；长度 100cm，深度 4cm，高度 12cm。Pivot 在模型左下中间点。按 400/200/100cm 贪心填充外墙段。,90.,0.,0.,0.,补偿方式参考 cornice_edge：基础旋转 +90；位置补偿由 facade/grid_width 动态计算，静态 offset 先保持 0。
SM_Building_01_DecorTrim_12x200_01,DecorTrim,floor_band_beam_upper,二层以上横梁200,12x200,12.,200.,4.,4.,100.,2.,1.,,left_bottom_center,模型左下中间点,upper_only,"front, back, left, right",floor_band_between_upper_floors,yes,90_degree_steps,no,floor_band_beam_upper,upper_floor_band_edge_fill,/Game/CityStreetStylizedPack/Environment/Architecture/Building_01/SM_Building_01_DecorTrim_12x200_01.SM_Building_01_DecorTrim_12x200_01,二层以上楼层之间的贴墙横梁；长度 200cm，深度 4cm，高度 12cm。Pivot 在模型左下中间点。按 400/200/100cm 贪心填充外墙段。,90.,0.,0.,0.,补偿方式参考 cornice_edge：基础旋转 +90；位置补偿由 facade/grid_width 动态计算，静态 offset 先保持 0。
SM_Building_01_DecorTrim_12x400_01,DecorTrim,floor_band_beam_upper,二层以上横梁400,12x400,12.,400.,4.,4.,100.,4.,1.,,left_bottom_center,模型左下中间点,upper_only,"front, back, left, right",floor_band_between_upper_floors,yes,90_degree_steps,no,floor_band_beam_upper,upper_floor_band_edge_fill,/Game/CityStreetStylizedPack/Environment/Architecture/Building_01/SM_Building_01_DecorTrim_12x400_01.SM_Building_01_DecorTrim_12x400_01,二层以上楼层之间的贴墙横梁；长度 400cm，深度 4cm，高度 12cm。Pivot 在模型左下中间点。按 400/200/100cm 贪心填充外墙段。,90.,0.,0.,0.,补偿方式参考 cornice_edge：基础旋转 +90；位置补偿由 facade/grid_width 动态计算，静态 offset 先保持 0。
SM_Building_01_DecorTrim_CRN_12x100_01,DecorTrim,floor_band_beam_upper_corner,二层以上转角横梁,12x100_CRN,12.,100.,100.,4.,100.,1.,1.,,left_bottom_center,模型左下中间点,upper_only,corner,floor_band_corner_between_upper_floors,yes,90_degree_steps,no,floor_band_beam_upper_corner,upper_floor_band_corner_only,/Game/CityStreetStylizedPack/Environment/Architecture/Building_01/SM_Building_01_DecorTrim_CRN_12x100_01.SM_Building_01_DecorTrim_CRN_12x100_01,二层以上楼层之间的 L 型转角横梁；单边长度 100cm，出墙深度 4cm，高度 12cm。Pivot 在模型左下中间点。,180.,0.,0.,0.,补偿方式参考 cornice_corner：基础旋转 +90，转角额外 +90，总计 +180；静态 offset 先保持 0。
SM_Building_01_Cornice_50x100_01,Cornice,floor_band_beam_ground,一楼与二楼衔接横梁100,50x100,50.,100.,47.,47.,100.,1.,1.,,left_bottom_center,模型左下中间点,ground_to_upper_joint,"front, back, left, right",floor_band_between_ground_and_upper,yes,90_degree_steps,no,floor_band_beam_ground,ground_floor_band_edge_fill,/Game/CityStreetStylizedPack/Environment/Architecture/Building_01/SM_Building_01_Cornice_50x100_01.SM_Building_01_Cornice_50x100_01,一楼与二楼衔接处的贴墙横梁/檐口；长度 100cm，深度 47cm，高度 50cm。Pivot 在模型左下中间点。按 400/200/100cm 贪心填充外墙段。,90.,0.,0.,0.,补偿方式参考 cornice_edge：基础旋转 +90；位置补偿由 facade/grid_width 动态计算，静态 offset 先保持 0。
SM_Building_01_Cornice_50x200_01,Cornice,floor_band_beam_ground,一楼与二楼衔接横梁200,50x200,50.,200.,47.,47.,100.,2.,1.,,left_bottom_center,模型左下中间点,ground_to_upper_joint,"front, back, left, right",floor_band_between_ground_and_upper,yes,90_degree_steps,no,floor_band_beam_ground,ground_floor_band_edge_fill,/Game/CityStreetStylizedPack/Environment/Architecture/Building_01/SM_Building_01_Cornice_50x200_01.SM_Building_01_Cornice_50x200_01,一楼与二楼衔接处的贴墙横梁/檐口；长度 200cm，深度 47cm，高度 50cm。Pivot 在模型左下中间点。按 400/200/100cm 贪心填充外墙段。,90.,0.,0.,0.,补偿方式参考 cornice_edge：基础旋转 +90；位置补偿由 facade/grid_width 动态计算，静态 offset 先保持 0。
SM_Building_01_Cornice_50x400_01,Cornice,floor_band_beam_ground,一楼与二楼衔接横梁400,50x400,50.,400.,47.,47.,100.,4.,1.,,left_bottom_center,模型左下中间点,ground_to_upper_joint,"front, back, left, right",floor_band_between_ground_and_upper,yes,90_degree_steps,no,floor_band_beam_ground,ground_floor_band_edge_fill,/Game/CityStreetStylizedPack/Environment/Architecture/Building_01/SM_Building_01_Cornice_50x400_01.SM_Building_01_Cornice_50x400_01,一楼与二楼衔接处的贴墙横梁/檐口；长度 400cm，深度 47cm，高度 50cm。Pivot 在模型左下中间点。按 400/200/100cm 贪心填充外墙段。,90.,0.,0.,0.,补偿方式参考 cornice_edge：基础旋转 +90；位置补偿由 facade/grid_width 动态计算，静态 offset 先保持 0。
SM_Building_01_Cornice_CRN_50x100_01,Cornice,floor_band_beam_ground_corner,一楼与二楼衔接转角横梁,50x100_CRN,50.,100.,100.,47.,100.,1.,1.,,left_bottom_center,模型左下中间点,ground_to_upper_joint,corner,floor_band_corner_between_ground_and_upper,yes,90_degree_steps,no,floor_band_beam_ground_corner,ground_floor_band_corner_only,/Game/CityStreetStylizedPack/Environment/Architecture/Building_01/SM_Building_01_Cornice_CRN_50x100_01.SM_Building_01_Cornice_CRN_50x100_01,一楼与二楼衔接处的 L 型转角横梁/檐口；单边长度 100cm，深度 47cm，高度 50cm。Pivot 在模型左下中间点。,180.,0.,0.,0.,补偿方式参考 cornice_corner：基础旋转 +90，转角额外 +90，总计 +180；静态 offset 先保持 0。
SM_Building_01_BalconyStairs_01,Balcony,balcony_stairs_slanted,阳台斜梯,162x65x302,302.,162.,65.,0.,100.,0.,0.,0.,balcony_stairs_surface_fit_offset,特殊偏移枢轴；放置于楼体表面时自动与墙面和 Balcony_03 空洞适配,upper_only,front,front_vertical_column_balcony_stairs,yes,no,no,front_balcony_stair,connect_vertical_column_balconies,/Game/CityStreetStylizedPack/Environment/Architecture/Building_01/SM_Building_01_BalconyStairs_01.SM_Building_01_BalconyStairs_01,连接竖列镂空阳台的斜梯；边界盒约 65cm 深、162cm 宽、302cm 高。Pivot 离斜梯本体有特殊偏移，放到楼体表面后与 Balcony_03 空洞位置适配。,0.,0.,0.,0.,特殊适配型 Pivot；不要套用普通阳台或横梁补偿。位置和旋转应由楼梯专用生成节点控制，表格静态 offset 先保持 0。
SM_Building_01_BalconyStairs_02,Balcony,balcony_ladder_hanging,阳台挂梯,53x23x588,588.,53.,23.,0.,100.,0.,0.,0.,balcony_ladder_surface_fit_offset,特殊偏移枢轴；放置于楼体表面时自动与墙面保持合理距离,upper_only,front,front_vertical_column_balcony_ladder,yes,no,no,front_balcony_stair,hang_from_second_vertical_column_balcony_to_ground,/Game/CityStreetStylizedPack/Environment/Architecture/Building_01/SM_Building_01_BalconyStairs_02.SM_Building_01_BalconyStairs_02,阳台挂梯；顶部挂在竖列阳台从下往上数第二层，即整体楼体三楼/global_floor 2 的阳台，向下连接到地面。尺寸按宽 53cm、深 23cm、高 588cm 记录。,0.,0.,0.,0.,特殊适配型 Pivot；不要套用普通阳台或横梁补偿。由楼梯专用生成节点确定放置点；表格静态 offset 先保持 0。
SM_Building_01_Wall_CRN_300x100_06,Wall,corner_wall_upper,可替换高层转角1,300x100,300.,100.,100.,25.,100.,1.,1.,1.,bottom_corner,底部转角点,upper_only,corner,building_corner_only,yes,90_degree_steps,no,corner_wall_300x100_variant,upper_corner_whole_building_replace,/Game/CityStreetStylizedPack/Environment/Architecture/Building_01/SM_Building_01_Wall_CRN_300x100_06.SM_Building_01_Wall_CRN_300x100_06,二楼及以上可替换转角墙；尺寸、厚度、Pivot 与基础高层转角 SM_Building_01_Wall_CRN_300x100_03 一致。规则：可选择替换；启用后高层转角要换一起换，不做单个转角独立随机。,180.,0.,0.,0.,沿用基础高层转角补偿：基础旋转 +90，转角额外 +90，总计 +180；转角位置不使用静态 offset。
SM_Building_01_Wall_CRN_300x100_05,Wall,corner_wall_upper,可替换高层转角2,300x100,300.,100.,100.,25.,100.,1.,1.,1.,bottom_corner,底部转角点,upper_only,corner,building_corner_only,yes,90_degree_steps,no,corner_wall_300x100_variant,upper_corner_whole_building_replace,/Game/CityStreetStylizedPack/Environment/Architecture/Building_01/SM_Building_01_Wall_CRN_300x100_05.SM_Building_01_Wall_CRN_300x100_05,二楼及以上可替换转角墙；尺寸、厚度、Pivot 与基础高层转角 SM_Building_01_Wall_CRN_300x100_03 一致。规则：可选择替换；启用后高层转角要换一起换，不做单个转角独立随机。,180.,0.,0.,0.,沿用基础高层转角补偿：基础旋转 +90，转角额外 +90，总计 +180；转角位置不使用静态 offset。
SM_Building_01_Wall_CRN_300x100_01,Wall,corner_wall_upper,可替换高层转角3,300x100,300.,100.,100.,25.,100.,1.,1.,1.,bottom_corner,底部转角点,upper_only,corner,building_corner_only,yes,90_degree_steps,no,corner_wall_300x100_variant,upper_corner_whole_building_replace,/Game/CityStreetStylizedPack/Environment/Architecture/Building_01/SM_Building_01_Wall_CRN_300x100_01.SM_Building_01_Wall_CRN_300x100_01,二楼及以上可替换转角墙；尺寸、厚度、Pivot 与基础高层转角 SM_Building_01_Wall_CRN_300x100_03 一致。规则：可选择替换；启用后高层转角要换一起换，不做单个转角独立随机。,180.,0.,0.,0.,沿用基础高层转角补偿：基础旋转 +90，转角额外 +90，总计 +180；转角位置不使用静态 offset。
SM_Building_01_Wall_CRN_300x100_02,Wall,corner_wall_upper,可替换高层转角4,300x100,300.,100.,100.,25.,100.,1.,1.,1.,bottom_corner,底部转角点,upper_only,corner,building_corner_only,yes,90_degree_steps,no,corner_wall_300x100_variant,upper_corner_whole_building_replace,/Game/CityStreetStylizedPack/Environment/Architecture/Building_01/SM_Building_01_Wall_CRN_300x100_02.SM_Building_01_Wall_CRN_300x100_02,二楼及以上可替换转角墙；尺寸、厚度、Pivot 与基础高层转角 SM_Building_01_Wall_CRN_300x100_03 一致。规则：可选择替换；启用后高层转角要换一起换，不做单个转角独立随机。,180.,0.,0.,0.,沿用基础高层转角补偿：基础旋转 +90，转角额外 +90，总计 +180；转角位置不使用静态 offset。
SM_Building_01_Wall_CRN_300x100_04,Wall,corner_wall_upper,可替换高层转角5,300x100,300.,100.,100.,25.,100.,1.,1.,1.,bottom_corner,底部转角点,upper_only,corner,building_corner_only,yes,90_degree_steps,no,corner_wall_300x100_variant,upper_corner_whole_building_replace,/Game/CityStreetStylizedPack/Environment/Architecture/Building_01/SM_Building_01_Wall_CRN_300x100_04.SM_Building_01_Wall_CRN_300x100_04,二楼及以上可替换转角墙；尺寸、厚度、Pivot 与基础高层转角 SM_Building_01_Wall_CRN_300x100_03 一致。规则：可选择替换；启用后高层转角要换一起换，不做单个转角独立随机。,180.,0.,0.,0.,沿用基础高层转角补偿：基础旋转 +90，转角额外 +90，总计 +180；转角位置不使用静态 offset。
SM_Building_01_WallDoor_400x200_02,Wall,door_wall_ground_side,一楼侧面门墙,400x200,400.,200.,25.,25.,100.,2.,,1.,left_bottom_outer_corner,墙体左下外角点,ground_only,"left, right",outermost_ground_side_facade_body,yes,90_degree_steps,no,ground_side_door_400x200,outermost_ground_side_only,/Game/CityStreetStylizedPack/Environment/Architecture/Building_01/SM_Building_01_WallDoor_400x200_02.SM_Building_01_WallDoor_400x200_02,一楼侧面门墙；尺寸与枢轴跟一楼基础门墙一致。规则：只放堆叠楼体最外侧 left/right，一楼使用；不放内部接触面，不放 back，其余规则与基础一楼门墙一致。,90.,0.,0.,0.,沿用基础一楼门墙补偿：基础旋转 +90；侧面位置补偿由 facade/grid_width 动态计算，静态 offset 保持 0。
SM_Building_01_WallDoor_400x800_01,Wall,door_wall_ground_large,一楼正面大门墙,400x800,400.,800.,25.,25.,100.,8.,,1.,left_bottom_outer_corner,墙体左下外角点,ground_only,front,ground_front_large_entrance,yes,no,no,ground_large_door_400x800,replace_four_200cm_non_corner_modules_once_per_building,/Game/CityStreetStylizedPack/Environment/Architecture/Building_01/SM_Building_01_WallDoor_400x800_01.SM_Building_01_WallDoor_400x800_01,一楼正面大门墙；枢轴与一楼门墙一致，长度 800cm。规则：替换时需要正面连续四个 200cm 墙位一起替换，可覆盖门墙/窗墙/普通墙，但不能覆盖转角墙；整个楼体最多 1 个。,90.,0.,0.,0.,沿用正面墙体补偿：基础旋转 +90；前立面位置补偿由 facade/grid_width 动态计算，grid_width=8。
SM_Building_01_WallWindow_400x200_03,Wall,window_wall_ground_side,一楼侧面窗墙,400x200,400.,200.,25.,25.,100.,2.,,1.,left_bottom_outer_corner,墙体左下外角点,ground_only,"left, right",ground_side_facade_body,yes,90_degree_steps,no,ground_side_window_400x200,ground_side_window_replace_plain_wall,/Game/CityStreetStylizedPack/Environment/Architecture/Building_01/SM_Building_01_WallWindow_400x200_03.SM_Building_01_WallWindow_400x200_03,一楼侧面窗墙；枢轴与尺寸跟一楼普通窗墙一致。规则：只生成在楼体一楼侧面 left/right，可生成在中间突出楼体侧面；不替换转角墙、不替换一楼侧面门墙。,90.,0.,0.,0.,沿用一楼窗墙补偿：基础旋转 +90；侧面位置补偿由 facade/grid_width 动态计算，静态 offset 保持 0。
SM_Conditioner_01_Conditioner_01,Prop,wall_air_conditioner,挂墙空调外机,55x91x57,57.,91.,55.,0.,100.,0.,0.,0.,conditioner_back_center,空调背面中心,upper_only,"front, left, right",upper_wall_surface_near_window,yes,90_degree_steps,no,wall_air_conditioner,upper_wall_window_left_right_or_below_not_under_door,/Game/CityStreetStylizedPack/Environment/Props/Conditioner_01/SM_Conditioner_01_Conditioner_01.SM_Conditioner_01_Conditioner_01,挂墙空调外机；用户提供尺寸 55x91x57cm，按 深x宽x高 写入 width/depth/height 字段。规则：只生成在高层墙体表面，包括正面与侧面；可在窗墙左右和下方生成，但不能生成在门墙下方。,0.,0.,0.,0.,背面中心 Pivot；不套用墙体长度补偿。位置与朝向应由空调挂点节点控制，并暴露 wall_air_conditioner_x/y/wall_offset_cm 参数微调。
SM_Conditioner_01_Conditioner_02,Prop,balcony_air_conditioner,阳台内空调外机,55x91x57,57.,91.,55.,0.,100.,0.,0.,0.,conditioner_back_center,空调背面中心,upper_only,"front, left, right",balcony_inner_corner,yes,90_degree_steps,no,balcony_air_conditioner,balcony_inner_corner_only,/Game/CityStreetStylizedPack/Environment/Props/Conditioner_01/SM_Conditioner_01_Conditioner_02.SM_Conditioner_01_Conditioner_02,阳台内空调外机；尺寸与枢轴同 Conditioner_01。规则：只生成在阳台内部角落位置；建议 Balcony_01/Balcony_02 可用，Balcony_03 默认避让以免干扰楼梯系统。,0.,0.,0.,0.,背面中心 Pivot；位置与朝向由阳台内部角落挂点控制，并暴露 balcony_air_conditioner_x/y/z_offset_cm 参数微调。
SM_PottedPlants_01_BalconyPlant_01,Prop,balcony_hanging_plant,挂阳台长条形盆栽01,51x157x52,52.,157.,51.,0.,100.,0.,0.,0.,inner_bottom_center,内侧底部中心,upper_only,"front, left, right",balcony_01_outer_top_front_side,yes,90_degree_steps,no,balcony_hanging_plant,balcony_01_outer_top_only_front_max_two,/Game/CityStreetStylizedPack/Environment/Props/PottedPlants_01/SM_PottedPlants_01_BalconyPlant_01.SM_PottedPlants_01_BalconyPlant_01,阳台外挂长条形盆栽；尺寸 51x157x52cm，按 深x宽x高 写入。规则：只生成在 Balcony_01 外侧顶部，包括阳台正面与侧面；正面可挂两个长条盆栽；Balcony_02 外侧不挂，Balcony_03 默认避让。,0.,0.,0.,0.,Pivot 为内侧底部中心；由阳台外侧顶部挂点控制位置和旋转。需暴露 balcony_plant_front/side_x/y/z_offset_cm 参数微调。
SM_PottedPlants_01_BalconyPlant_02,Prop,balcony_hanging_plant,挂阳台长条形盆栽02,51x157x52,52.,157.,51.,0.,100.,0.,0.,0.,inner_bottom_center,内侧底部中心,upper_only,"front, left, right",balcony_01_outer_top_front_side,yes,90_degree_steps,no,balcony_hanging_plant,balcony_01_outer_top_only_front_max_two,/Game/CityStreetStylizedPack/Environment/Props/PottedPlants_01/SM_PottedPlants_01_BalconyPlant_02.SM_PottedPlants_01_BalconyPlant_02,阳台外挂长条形盆栽；尺寸 51x157x52cm，按 深x宽x高 写入。规则：只生成在 Balcony_01 外侧顶部，包括阳台正面与侧面；正面可挂两个长条盆栽；Balcony_02 外侧不挂，Balcony_03 默认避让。,0.,0.,0.,0.,Pivot 为内侧底部中心；由阳台外侧顶部挂点控制位置和旋转。需暴露 balcony_plant_front/side_x/y/z_offset_cm 参数微调。
SM_PottedPlants_01_WallPlant_01,Prop,window_sill_plant,窗台长条形盆栽1,38x98x71,71.,98.,38.,0.,100.,0.,0.,0.,inner_bottom_center,内侧底部中心,upper_only,"front, left, right",upper_window_lower_side,yes,90_degree_steps,no,window_sill_plant,upper_window_lower_surface,/Game/CityStreetStylizedPack/Environment/Props/PottedPlants_01/SM_PottedPlants_01_WallPlant_01.SM_PottedPlants_01_WallPlant_01,窗台长条形盆栽；尺寸 38x98x71cm，按 深x宽x高 写入。规则：只生成在高层窗墙下半侧；普通高层窗墙最多 1 个，高层大窗墙可生成 2 个；不生成在门墙或普通墙。,0.,0.,0.,0.,Pivot 为内侧底部中心；由窗墙下半侧挂点控制位置和旋转。需暴露 window_plant_x/y/z_offset_cm 以及大窗墙 spacing 参数微调。
SM_PottedPlants_01_WallPlant_02,Prop,window_sill_plant,窗台长条形盆栽2,38x98x71,71.,98.,38.,0.,100.,0.,0.,0.,inner_bottom_center,内侧底部中心,upper_only,"front, left, right",upper_window_lower_side,yes,90_degree_steps,no,window_sill_plant,upper_window_lower_surface,/Game/CityStreetStylizedPack/Environment/Props/PottedPlants_01/SM_PottedPlants_01_WallPlant_02.SM_PottedPlants_01_WallPlant_02,窗台长条形盆栽；尺寸 38x98x71cm，按 深x宽x高 写入。规则：只生成在高层窗墙下半侧；普通高层窗墙最多 1 个，高层大窗墙可生成 2 个；不生成在门墙或普通墙。,0.,0.,0.,0.,Pivot 为内侧底部中心；由窗墙下半侧挂点控制位置和旋转。需暴露 window_plant_x/y/z_offset_cm 以及大窗墙 spacing 参数微调。
SM_PottedPlants_01_WallPlant_03,Prop,window_sill_plant,窗台长条形盆栽3,38x98x71,71.,98.,38.,0.,100.,0.,0.,0.,inner_bottom_center,内侧底部中心,upper_only,"front, left, right",upper_window_lower_side,yes,90_degree_steps,no,window_sill_plant,upper_window_lower_surface,/Game/CityStreetStylizedPack/Environment/Props/PottedPlants_01/SM_PottedPlants_01_WallPlant_03.SM_PottedPlants_01_WallPlant_03,窗台长条形盆栽；尺寸 38x98x71cm，按 深x宽x高 写入。规则：只生成在高层窗墙下半侧；普通高层窗墙最多 1 个，高层大窗墙可生成 2 个；不生成在门墙或普通墙。,0.,0.,0.,0.,Pivot 为内侧底部中心；由窗墙下半侧挂点控制位置和旋转。需暴露 window_plant_x/y/z_offset_cm 以及大窗墙 spacing 参数微调。
SM_PottedPlants_01_Pot_MED_01,Prop,floor_plant,地面盆栽1,40x114x60,60.,114.,40.,0.,100.,0.,0.,0.,inner_bottom_center,内侧底部中心,ground_or_roof_or_balcony,"ground, roof, balcony","ground_surface, balcony_floor, roof_surface",yes,free_yaw,no,floor_plant_medium,ground_balcony_roof_floor_only,/Game/CityStreetStylizedPack/Environment/Props/PottedPlants_01/SM_PottedPlants_01_Pot_MED_01.SM_PottedPlants_01_Pot_MED_01,地面盆栽；尺寸按 深x宽x高 写入。规则：只生成在地面类位置，包括阳台内地面、屋顶平面以及一楼地面；不放门口正前方，不放楼梯占用区，屋顶盆栽避让屋檐边缘 1 格。,0.,0.,0.,0.,地面放置型资产；位置和旋转由 ground/balcony_floor/roof_plant_anchor 控制。需暴露 plant_floor_x/y/z_offset_cm 参数微调。
SM_PottedPlants_01_Pot_MED_02,Prop,floor_plant,地面盆栽2,40x114x60,60.,114.,40.,0.,100.,0.,0.,0.,inner_bottom_center,内侧底部中心,ground_or_roof_or_balcony,"ground, roof, balcony","ground_surface, balcony_floor, roof_surface",yes,free_yaw,no,floor_plant_medium,ground_balcony_roof_floor_only,/Game/CityStreetStylizedPack/Environment/Props/PottedPlants_01/SM_PottedPlants_01_Pot_MED_02.SM_PottedPlants_01_Pot_MED_02,地面盆栽；尺寸按 深x宽x高 写入。规则：只生成在地面类位置，包括阳台内地面、屋顶平面以及一楼地面；不放门口正前方，不放楼梯占用区，屋顶盆栽避让屋檐边缘 1 格。,0.,0.,0.,0.,地面放置型资产；位置和旋转由 ground/balcony_floor/roof_plant_anchor 控制。需暴露 plant_floor_x/y/z_offset_cm 参数微调。
SM_PottedPlants_01_Pot_MED_03,Prop,floor_plant,地面盆栽3,40x114x60,60.,114.,40.,0.,100.,0.,0.,0.,inner_bottom_center,内侧底部中心,ground_or_roof_or_balcony,"ground, roof, balcony","ground_surface, balcony_floor, roof_surface",yes,free_yaw,no,floor_plant_medium,ground_balcony_roof_floor_only,/Game/CityStreetStylizedPack/Environment/Props/PottedPlants_01/SM_PottedPlants_01_Pot_MED_03.SM_PottedPlants_01_Pot_MED_03,地面盆栽；尺寸按 深x宽x高 写入。规则：只生成在地面类位置，包括阳台内地面、屋顶平面以及一楼地面；不放门口正前方，不放楼梯占用区，屋顶盆栽避让屋檐边缘 1 格。,0.,0.,0.,0.,地面放置型资产；位置和旋转由 ground/balcony_floor/roof_plant_anchor 控制。需暴露 plant_floor_x/y/z_offset_cm 参数微调。
SM_PottedPlants_01_Pot_SML_01,Prop,floor_plant,地面圆柱盆栽1,47x51x69,69.,51.,47.,0.,100.,0.,0.,0.,bottom_center,底部中心,ground_or_roof_or_balcony,"ground, roof, balcony","ground_surface, balcony_floor, roof_surface",yes,free_yaw,no,floor_plant_small,ground_balcony_roof_floor_only,/Game/CityStreetStylizedPack/Environment/Props/PottedPlants_01/SM_PottedPlants_01_Pot_SML_01.SM_PottedPlants_01_Pot_SML_01,地面盆栽；尺寸按 深x宽x高 写入。规则：只生成在地面类位置，包括阳台内地面、屋顶平面以及一楼地面；不放门口正前方，不放楼梯占用区，屋顶盆栽避让屋檐边缘 1 格。,0.,0.,0.,0.,地面放置型资产；位置和旋转由 ground/balcony_floor/roof_plant_anchor 控制。需暴露 plant_floor_x/y/z_offset_cm 参数微调。
SM_PottedPlants_01_Pot_SML_02,Prop,floor_plant,地面圆柱盆栽2,47x51x69,69.,51.,47.,0.,100.,0.,0.,0.,bottom_center,底部中心,ground_or_roof_or_balcony,"ground, roof, balcony","ground_surface, balcony_floor, roof_surface",yes,free_yaw,no,floor_plant_small,ground_balcony_roof_floor_only,/Game/CityStreetStylizedPack/Environment/Props/PottedPlants_01/SM_PottedPlants_01_Pot_SML_02.SM_PottedPlants_01_Pot_SML_02,地面盆栽；尺寸按 深x宽x高 写入。规则：只生成在地面类位置，包括阳台内地面、屋顶平面以及一楼地面；不放门口正前方，不放楼梯占用区，屋顶盆栽避让屋檐边缘 1 格。,0.,0.,0.,0.,地面放置型资产；位置和旋转由 ground/balcony_floor/roof_plant_anchor 控制。需暴露 plant_floor_x/y/z_offset_cm 参数微调。
SM_PottedPlants_01_TreePot_01,Prop,floor_plant,地面圆柱大型盆栽,100x101x151,151.,101.,100.,0.,100.,0.,0.,0.,bottom_center,底部中心,ground_or_roof_or_balcony,"ground, roof, balcony","ground_surface, balcony_floor, roof_surface",yes,free_yaw,no,floor_plant_tree,ground_balcony_roof_floor_only,/Game/CityStreetStylizedPack/Environment/Props/PottedPlants_01/SM_PottedPlants_01_TreePot_01.SM_PottedPlants_01_TreePot_01,地面盆栽；尺寸按 深x宽x高 写入。规则：只生成在地面类位置，包括阳台内地面、屋顶平面以及一楼地面；不放门口正前方，不放楼梯占用区，屋顶盆栽避让屋檐边缘 1 格。,0.,0.,0.,0.,地面放置型资产；位置和旋转由 ground/balcony_floor/roof_plant_anchor 控制。需暴露 plant_floor_x/y/z_offset_cm 参数微调。
